{"cameraMode":{"drawMode":0,"name":"Shaded","section":"Shading Mode"},"sceneLighting":false,"audioPlay":false,"sceneViewState":{"showFog":true,"showMaterialUpdate":false,"showSkybox":false,"showFlares":true,"showImageEffects":true,"showParticleSystems":true},"in2DMode":false,"pivot":{"x":-0.015729663893580438,"y":0.21004755795001985,"z":-0.00046451541129499674},"rotation":{"x":0.017756979912519456,"y":0.9689661264419556,"z":-0.23558202385902406,"w":0.0730714499950409},"size":0.30353429913520815,"orthographic":true}