{"cameraMode":{"drawMode":0,"name":"Shaded","section":"Shading Mode"},"sceneLighting":false,"audioPlay":false,"sceneViewState":{"showFog":true,"showMaterialUpdate":false,"showSkybox":false,"showFlares":true,"showImageEffects":true,"showParticleSystems":true},"in2DMode":false,"pivot":{"x":0.0007716119289398193,"y":0.0838419571518898,"z":0.010119765996932984},"rotation":{"x":0.0041229259222745899,"y":0.969046413898468,"z":-0.24640561640262605,"w":0.016252199187874795},"size":0.2624730169773102,"orthographic":true}