{"cameraMode":{"drawMode":0,"name":"Shaded","section":"Shading Mode"},"sceneLighting":false,"audioPlay":false,"sceneViewState":{"showFog":true,"showMaterialUpdate":false,"showSkybox":false,"showFlares":true,"showImageEffects":true,"showParticleSystems":true},"in2DMode":false,"pivot":{"x":0.07051385939121247,"y":0.2797176241874695,"z":-0.007549025118350983},"rotation":{"x":0.009279402904212475,"y":0.9879060387611389,"z":-0.06529692560434342,"w":0.14049524068832398},"size":0.4740241467952728,"orthographic":true}