{"cameraMode":{"drawMode":0,"name":"Shaded","section":"Shading Mode"},"sceneLighting":false,"audioPlay":false,"sceneViewState":{"showFog":true,"showMaterialUpdate":false,"showSkybox":false,"showFlares":true,"showImageEffects":true,"showParticleSystems":true},"in2DMode":false,"pivot":{"x":-0.12256358563899994,"y":0.4247989058494568,"z":-0.13385194540023805},"rotation":{"x":0.01250922679901123,"y":0.9729675054550171,"z":-0.22422431409358979,"w":0.054317910224199298},"size":0.911687970161438,"orthographic":true}