{"cameraMode":{"drawMode":0,"name":"Shaded","section":"Shading Mode"},"sceneLighting":false,"audioPlay":false,"sceneViewState":{"showFog":true,"showMaterialUpdate":false,"showSkybox":false,"showFlares":true,"showImageEffects":true,"showParticleSystems":true},"in2DMode":false,"pivot":{"x":0.0028860270977020265,"y":0.00919065810739994,"z":-0.000027019530534744263},"rotation":{"x":0.009279402904212475,"y":0.9879060387611389,"z":-0.06529692560434342,"w":0.14049524068832398},"size":0.14690133929252625,"orthographic":true}