{"cameraMode":{"drawMode":0,"name":"Shaded","section":"Shading Mode"},"sceneLighting":false,"audioPlay":false,"sceneViewState":{"showFog":true,"showMaterialUpdate":false,"showSkybox":false,"showFlares":true,"showImageEffects":true,"showParticleSystems":true},"in2DMode":false,"pivot":{"x":0.025460243225097657,"y":2.442101001739502,"z":0.5458459854125977},"rotation":{"x":0.12292751669883728,"y":0.7583513259887695,"z":-0.14978598058223725,"w":0.6224200129508972},"size":6.497185230255127,"orthographic":true}