{"cameraMode":{"drawMode":0,"name":"Shaded","section":"Shading Mode"},"sceneLighting":true,"audioPlay":false,"sceneViewState":{"showFog":true,"showMaterialUpdate":false,"showSkybox":true,"showFlares":true,"showImageEffects":true,"showParticleSystems":true},"in2DMode":false,"pivot":{"x":57.432342529296878,"y":-6.63573694229126,"z":39.612098693847659},"rotation":{"x":-0.0008701282204128802,"y":0.9754741787910461,"z":-0.22018517553806306,"w":-0.0038204502779990436},"size":17.750999450683595,"orthographic":false}