{"cameraMode":{"drawMode":0,"name":"Shaded","section":"Shading Mode"},"sceneLighting":false,"audioPlay":false,"sceneViewState":{"showFog":true,"showMaterialUpdate":false,"showSkybox":false,"showFlares":true,"showImageEffects":true,"showParticleSystems":true},"in2DMode":false,"pivot":{"x":0.08674132823944092,"y":0.15073975920677186,"z":0.056388258934020999},"rotation":{"x":0.12292751669883728,"y":0.7583513259887695,"z":-0.14978598058223725,"w":0.6224200129508972},"size":1.0188921689987183,"orthographic":true}