{"cameraMode":{"drawMode":0,"name":"Shaded","section":"Shading Mode"},"sceneLighting":false,"audioPlay":false,"sceneViewState":{"showFog":true,"showMaterialUpdate":false,"showSkybox":false,"showFlares":true,"showImageEffects":true,"showParticleSystems":true},"in2DMode":false,"pivot":{"x":0.04626554250717163,"y":0.019234493374824525,"z":-0.0008729696273803711},"rotation":{"x":0.0010827886871993542,"y":0.9989179372787476,"z":-0.03597607836127281,"w":0.030244316905736924},"size":0.3998357355594635,"orthographic":true}