{"cameraMode":{"drawMode":0,"name":"Shaded","section":"Shading Mode"},"sceneLighting":false,"audioPlay":false,"sceneViewState":{"showFog":true,"showMaterialUpdate":false,"showSkybox":false,"showFlares":true,"showImageEffects":true,"showParticleSystems":true},"in2DMode":false,"pivot":{"x":0.24866610765457154,"y":0.4247989356517792,"z":-0.0849757194519043},"rotation":{"x":0.01250922679901123,"y":0.9729675054550171,"z":-0.22422431409358979,"w":0.054317910224199298},"size":0.9598003029823303,"orthographic":true}