{"cameraMode":{"drawMode":0,"name":"Shaded","section":"Shading Mode"},"sceneLighting":true,"audioPlay":false,"sceneViewState":{"showFog":true,"showMaterialUpdate":false,"showSkybox":true,"showFlares":true,"showImageEffects":true,"showParticleSystems":true},"in2DMode":false,"pivot":{"x":0.023413851857185365,"y":0.02616165205836296,"z":-0.0010475702583789826},"rotation":{"x":-0.09919092059135437,"y":0.641831636428833,"z":-0.08423523604869843,"w":-0.7557541728019714},"size":13.700499534606934,"orthographic":false}