{"cameraMode":{"drawMode":0,"name":"Shaded","section":"Shading Mode"},"sceneLighting":false,"audioPlay":false,"sceneViewState":{"showFog":true,"showMaterialUpdate":false,"showSkybox":false,"showFlares":true,"showImageEffects":true,"showParticleSystems":true},"in2DMode":false,"pivot":{"x":0.004467107355594635,"y":0.015407226979732514,"z":-0.0007042419165372849},"rotation":{"x":0.00031408088398166,"y":0.9987032413482666,"z":-0.05097746476531029,"w":0.006259790621697903},"size":0.10948900133371353,"orthographic":true}