{"cameraMode":{"drawMode":0,"name":"Shaded","section":"Shading Mode"},"sceneLighting":false,"audioPlay":false,"sceneViewState":{"showFog":true,"showMaterialUpdate":false,"showSkybox":false,"showFlares":true,"showImageEffects":true,"showParticleSystems":true},"in2DMode":false,"pivot":{"x":0.0830925703048706,"y":0.007476836442947388,"z":-0.013958752155303955},"rotation":{"x":0.0010827886871993542,"y":0.9989179372787476,"z":-0.03597607836127281,"w":0.030244316905736924},"size":0.27922558784484866,"orthographic":true}