{"cameraMode":{"drawMode":0,"name":"Shaded","section":"Shading Mode"},"sceneLighting":false,"audioPlay":false,"sceneViewState":{"showFog":true,"showMaterialUpdate":false,"showSkybox":false,"showFlares":true,"showImageEffects":true,"showParticleSystems":true},"in2DMode":false,"pivot":{"x":-0.21436548233032227,"y":0.1447131633758545,"z":-0.04379379749298096},"rotation":{"x":0.12292751669883728,"y":0.7583513259887695,"z":-0.14978598058223725,"w":0.6224200129508972},"size":2.3750813007354738,"orthographic":true}