{"cameraMode":{"drawMode":0,"name":"Shaded","section":"Shading Mode"},"sceneLighting":false,"audioPlay":false,"sceneViewState":{"showFog":true,"showMaterialUpdate":false,"showSkybox":false,"showFlares":true,"showImageEffects":true,"showParticleSystems":true},"in2DMode":false,"pivot":{"x":0.022606492042541505,"y":0.025086119771003724,"z":-0.005373150110244751},"rotation":{"x":0.006911594420671463,"y":0.6409205198287964,"z":-0.005766074173152447,"w":0.767580509185791},"size":0.600476861000061,"orthographic":false}