{"cameraMode":{"drawMode":0,"name":"Shaded","section":"Shading Mode"},"sceneLighting":false,"audioPlay":false,"sceneViewState":{"showFog":true,"showMaterialUpdate":false,"showSkybox":false,"showFlares":true,"showImageEffects":true,"showParticleSystems":true},"in2DMode":false,"pivot":{"x":0.07251191139221192,"y":0.24023723602294923,"z":-0.3452495336532593},"rotation":{"x":0.01250922679901123,"y":0.9729675054550171,"z":-0.22422431409358979,"w":0.054317910224199298},"size":3.4255692958831789,"orthographic":true}