{"cameraMode":{"drawMode":0,"name":"Shaded","section":"Shading Mode"},"sceneLighting":false,"audioPlay":false,"sceneViewState":{"showFog":true,"showMaterialUpdate":false,"showSkybox":false,"showFlares":true,"showImageEffects":true,"showParticleSystems":true},"in2DMode":false,"pivot":{"x":-0.033240169286727908,"y":0.869661808013916,"z":0.05991065502166748},"rotation":{"x":0.01250922679901123,"y":0.9729675054550171,"z":-0.22422431409358979,"w":0.054317910224199298},"size":1.0592355728149415,"orthographic":true}