{"cameraMode":{"drawMode":0,"name":"Shaded","section":"Shading Mode"},"sceneLighting":false,"audioPlay":false,"sceneViewState":{"showFog":true,"showMaterialUpdate":false,"showSkybox":false,"showFlares":true,"showImageEffects":true,"showParticleSystems":true},"in2DMode":false,"pivot":{"x":0.08824419975280762,"y":0.18386806547641755,"z":-0.026964187622070314},"rotation":{"x":0.12292751669883728,"y":0.7583513259887695,"z":-0.14978598058223725,"w":0.6224200129508972},"size":1.3313994407653809,"orthographic":true}